apipe;ann;art;ausl;avglc;dql;dqv;fgate;gf;gfest;gem;geom3;geom4;gok;ws
631;195;196;H-17AR;H_HR/H-17.1AR;H-17.1AR;H-17AR;526,66;526,78;3,8;150;150;;3,8;5,03
632;196;194;H-15AR;H_HR/H-17AR;H-17AR;H-15AR;526,58;526,64;31,5;250;250;;31,5;32,88
633;198;197;H-19.1AR;H_HR/H-19.2AR;H-19.2AR;H-19.1AR;526,8;526,94;3,9;150;150;;3,9;4,64
634;199;196;H-17AR;H_HR/H-19AR;H-19AR;H-17AR;526,66;526,73;29,5;250;250;;29,5;30,54
635;200;203;H-23AR;H_HR/H-20.1AR;H-20.1AR;H-23AR;526,59;526,66;7,7;250;250;;7,7;8,58
586;147;146;F-32.1AR;H_HR/F-32.2AR;F-32.2AR;F-32.1AR;527,43;527,48;5,7;400;400;;5,7;7,13
587;148;146;F-32.1AR;H_HR/F-33AR;F-33AR;F-32.1AR;527,4;527,43;4,1;400;400;;4,1;5,34
588;149;151;F-34.3AR;H_HR/F-34.1AR;F-34.1AR;F-34.3AR;527,82;527,95;18;200;200;;18;19,21
744;419;313;L-16AR;H_HR/L-14AR;L-14AR;L-16AR;525,92;525,96;45,5;1200;1200;;45,5;46,07
745;313;314;L-18AR;H_HR/L-16AR;L-16AR;L-18AR;525,87;525,92;55,6;1200;1200;;55,6;55,93
846;265;261;J-24.1AR;H_HR1/J-26AR;J-26AR;J-24.1AR;526,26;526,27;21,2;250;250;;21,2;21,16
847;368;364;N-22AR;H_HR1/N-23AR;N-23AR;N-22AR;526,53;526,76;6,7;150;150;;6,7;7,78
848;47;412;11-49HAR;H_HR2/11-48AR;11-48AR;11-49HAR;523,65;524,8;42,3;355;355;;42,3;42,32
849;86;243;H-9AR;H_HR2/4-49AR;4-49AR;H-9AR;526,9;526,94;7,6;200;200;;7,6;8,86
850;127;287;K-26.1AR;H_HR2/9-52.1AR;9-52.1AR;K-26.1AR;526;526,06;41,5;300;300;;41,5;42,78
851;197;199;H-19AR;H_HR2/H-19.1AR;H-19.1AR;H-19AR;526,76;526,77;2,7;150;150;;2,7;3,72
852;265;262;J-26.1AR;H_HR2/J-26AR;J-26AR;J-26.1AR;526,15;526,3;31,6;300;300;;31,6;32,73
853;368;364;N-22AR;H_HR2/N-23AR;N-23AR;N-22AR;526,53;526,72;6,7;150;150;;6,7;7,78
854;86;243;H-9AR;H_HR3/4-49AR;4-49AR;H-9AR;526,9;526,94;7,9;200;200;;7,9;8,86
855;197;199;H-19AR;H_HR3/H-19.1AR;H-19.1AR;H-19AR;526,75;526,76;2,8;150;150;;2,8;3,72
746;314;315;L-21AR;H_HR/L-18AR;L-18AR;L-21AR;525,8;525,86;42,3;1200;1200;;42,3;41,82
747;315;316;L-23AR;H_HR/L-21AR;L-21AR;L-23AR;525,75;525,79;46,8;1200;1200;;46,8;46,78
748;316;420;L-25AR;H_HR/L-23AR;L-23AR;L-25AR;525,76;525,76;26,8;1200;1200;;26,8;26,76
589;150;148;F-33AR;H_HR/F-34.2AR;F-34.2AR;F-33AR;527,42;527,47;16,2;400;400;;16,2;17,56
590;151;150;F-34.2AR;H_HR/F-34.3AR;F-34.3AR;F-34.2AR;527,68;527,81;23,3;200;200;;23,3;24,23
591;152;150;F-34.2AR;H_HR/F-35AR;F-35AR;F-34.2AR;527,48;527,54;11,5;400;400;;11,5;12,74
592;153;155;F-9AR;H_HR/F-7AR;F-7AR;F-9AR;527,41;527,6;15,7;150;150;;15,7;16,65
593;154;155;F-9AR;H_HR/F-9.1AR;F-9.1AR;F-9AR;527,39;527,48;1,7;150;150;;1,7;4,54
594;155;135;F-11AR;H_HR/F-9AR;F-9AR;F-11AR;527,21;527,39;14,9;150;150;;14,9;15,72
595;156;95;5-47AR;H_HR/G-10AR;G-10AR;5-47AR;526,83;526,94;31,8;250;250;;31,8;32,81
596;157;192;H-13.3AR;H_HR/G-11.1AR;G-11.1AR;H-13.3AR;526,87;527,23;55,9;160;160;;55,9;56,72
597;158;160;G-15.1AR;H_HR/G-12AR;G-12AR;G-15.1AR;526,93;527,17;8,8;150;150;;8,8;9,17
598;159;193;H-13.4AR;H_HR/G-13.1AR;G-13.1AR;H-13.4AR;526,81;527,09;55,5;225;225;;55,5;56,92
599;160;161;G-15AR;H_HR/G-15.1AR;G-15.1AR;G-15AR;526,88;526,88;2;200;200;;2;3,22
600;161;103;6-47AR;H_HR/G-15AR;G-15AR;6-47AR;526,65;526,76;28,3;300;300;;28,3;29,57
601;162;164;G-21.2AR;H_HR/G-19AR;G-19AR;G-21.2AR;527,28;527,32;21,9;150;150;;21,9;22,68
602;163;165;G-21AR;H_HR/G-21.1AR;G-21.1AR;G-21AR;527;527,05;7,9;250;250;;7,9;8,61
603;164;165;G-21AR;H_HR/G-21.2AR;G-21.2AR;G-21AR;527,22;527,22;3;200;200;;3;3,73
604;165;161;G-15AR;H_HR/G-21AR;G-21AR;G-15AR;526,82;527;58,7;250;250;;58,7;59,4
605;166;167;G-24AR;H_HR/G-22AR;G-22AR;G-24AR;527,09;527,31;35,1;200;200;;35,1;36,12
496;411;319;L-29AR;H_HR/10-53AR;10-53AR;L-29AR;525,69;525,7;12,3;1600;1600;;12,3;12,28
497;40;405;R50_F2/113;H_HR/11-46AR;11-46AR;R50_F2/113;525,16;525,25;13,1;225;225;;13,1;13,14
498;41;44;11-47AR;H_HR/11-47.1AR;11-47.1AR;11-47AR;524,99;525,02;8,7;355;355;;8,7;8,66
499;42;45;11-48.1AR;H_HR/11-47.2AR;11-47.2AR;11-48.1AR;524,84;524,99;38;225;225;;38;39,27
500;43;42;11-47.2AR;H_HR/11-47.3AR;11-47.3AR;11-47.2AR;525,02;525,09;16,2;225;225;;16,2;17,42
501;44;46;11-48.2AR;H_HR/11-47AR;11-47AR;11-48.2AR;524,92;524,99;11,3;355;355;;11,3;12,37
502;45;47;11-48AR;H_HR/11-48.1AR;11-48.1AR;11-48AR;524,78;524,8;12,1;280;280;;12,1;13,43
503;46;47;11-48AR;H_HR/11-48.2AR;11-48.2AR;11-48AR;524,77;524,9;26,6;355;355;;26,6;27,65
504;48;49;11-52.2AR;H_HR/11-52.1AR;11-52.1AR;11-52.2AR;526,76;526,86;17,3;250;250;;17,3;18,47
505;49;418;K-36.1AR;H_HR/11-52.2AR;11-52.2AR;K-36.1AR;526,57;526,75;27,2;250;250;;27,2;28,38
506;413;55;12-45AR;H_HR/12-45.1AR;12-45.1AR;12-45AR;527,15;527,22;27,3;160;160;;27,3;26,21
507;55;56;12-46AR;H_HR/12-45AR;12-45AR;12-46AR;527,13;527,15;6,6;200;200;;6,6;7,74
508;56;57;12-47AR;H_HR/12-46AR;12-46AR;12-47AR;527;527,11;20,3;250;250;;20,3;21,13
509;57;59;12-49AR;H_HR/12-47AR;12-47AR;12-49AR;526,82;526,94;32,2;300;300;;32,2;33,57
510;59;342;MU51_H1/119;H_HR/12-49AR;12-49AR;MU51_H1/119;526,67;526,81;43,9;300;300;;43,9;44,48
436;50;12;RE1_D8/127;H_12-40.1AR;12-40.1AR;RE1_D8/127;526,53;526,56;31,7;500;500;;31,7;31,7
437;51;50;12-40.1AR;H_12-40.2AR;12-40.2AR;12-40.1AR;526,56;526,6;29,2;500;500;;29,2;30,32
438;52;51;12-40.2AR;H_12-40AR;12-40AR;12-40.2AR;526,61;526,62;18,2;500;500;;18,2;19,5
439;53;52;12-40AR;H_12-42AR;12-42AR;12-40AR;526,63;526,74;52,4;500;500;;52,4;53,37
440;54;53;12-42AR;H_12-44AR;12-44AR;12-42AR;526,74;526,77;22,4;300;300;;22,4;23,61
441;58;59;12-49AR;H_12-49.2AR;12-49.2AR;12-49AR;526,9;527,04;12,2;200;200;;12,2;13,72
442;75;240;H-53AR;H_13-56.1AR;13-56.1AR;H-53AR;526,79;526,86;34,1;300;300;;34,1;34,06
443;76;75;13-56.1AR;H_13-56AR;13-56AR;13-56.1AR;526,87;527,07;31,3;300;300;;31,3;31,26
444;77;382;N-44AR;H_13-71.1AR;13-71.1AR;N-44AR;526,22;526,35;13,5;150;150;;13,5;14,66
445;78;77;13-71.1AR;H_13-72.1AR;13-72.1AR;13-71.1AR;526,38;526,38;12,8;150;150;;12,8;13,79
446;88;332;M52_J4/41;H_4-54.1AR;4-54.1AR;M52_J4/41;526,62;526,62;0,8;500;500;;0,8;1,45
447;89;88;4-54.1AR;H_4-54.2AR;4-54.2AR;4-54.1AR;527,12;527,14;2,1;150;150;;2,1;3,26
448;125;414;8.8-49.1HAR;H_8.8-48.1AR;8.8-48.1AR;8.8-49.1HAR;524,86;524,9;5,5;200;200;;5,5;5,45
449;126;125;8.8-48.1AR;H_8.8-48.2AR;8.8-48.2AR;8.8-48.1AR;524,94;525,2;33,2;200;200;;33,2;33,21
450;415;207;H-24.4AR;H_8.8-49AR;8.8-49AR;H-24.4AR;526,79;526,83;7,1;200;200;;7,1;7,13
461;5;8;10-35AR;H_HR/10-33AR;10-33AR;10-35AR;528,12;528,21;9,9;400;400;;9,9;11,23
462;6;8;10-35AR;H_HR/10-34AR;10-34AR;10-35AR;528,17;528,46;54,7;250;250;;54,7;55,34
463;7;8;10-35AR;H_HR/10-35.1AR;10-35.1AR;10-35AR;528,15;528,37;37,4;250;250;;37,4;39,42
464;8;13;10-37AR;H_HR/10-35AR;10-35AR;10-37AR;527,94;528,07;34,7;500;500;;34,7;36,02
465;9;10;10-36AR;H_HR/10-36.1AR;10-36.1AR;10-36AR;528,17;528,32;33,7;250;250;;33,7;34,92
466;10;13;10-37AR;H_HR/10-36AR;10-36AR;10-37AR;528,08;528,19;26,9;250;250;;26,9;28,28
467;11;7;10-35.1AR;H_HR/10-37.1AR;10-37.1AR;10-35.1AR;528,42;528,73;38,9;250;250;;38,9;40,05
468;12;8;10-35AR;H_HR/10-37.2AR;10-37.2AR;10-35AR;528,03;529,34;28,9;150;150;;28,9;36,63
469;13;17;10-39AR;H_HR/10-37AR;10-37AR;10-39AR;527,81;527,93;15;500;500;;15;15,89
470;14;15;10-38AR;H_HR/10-38.1AR;10-38.1AR;10-38AR;528,1;528,23;32,7;250;250;;32,7;34,01
511;60;65;12-52AR;H_HR/12-50AR;12-50AR;12-52AR;525,82;525,99;57,9;800;800;;57,9;58,74
512;61;64;12-51AR;H_HR/12-51.1AR;12-51.1AR;12-51AR;526,55;526,59;9,3;400;400;;9,3;10,77
513;62;61;12-51.1AR;H_HR/12-51.2AR;12-51.2AR;12-51.1AR;526,62;526,67;16,4;300;300;;16,4;17,99
514;63;62;12-51.2AR;H_HR/12-51.3AR;12-51.3AR;12-51.2AR;526,7;526,77;23,2;250;250;;23,2;24,48
515;64;235;H-48AR;H_HR/12-51AR;12-51AR;H-48AR;526,53;526,55;7,2;400;400;;7,2;7,51
516;65;425;L-41AR;H_HR/12-52AR;12-52AR;L-41AR;525,57;525,79;56,3;800;800;;56,3;60,82
517;66;233;H-45AR;H_HR/12-53AR;12-53AR;H-45AR;526,71;526,82;11,9;150;150;;11,9;12,9
518;67;66;12-53AR;H_HR/12-55AR;12-55AR;12-53AR;526,85;527,1;14,6;150;150;;14,6;15,64
519;68;61;12-51.1AR;H_HR/12-57.1AR;12-57.1AR;12-51.1AR;526,69;526,85;33,6;250;250;;33,6;34,9
520;69;68;12-57.1AR;H_HR/12-57AR;12-57AR;12-57.1AR;526,87;526,91;5,7;250;250;;5,7;7,03
521;70;68;12-57.1AR;H_HR/12-58AR;12-58AR;12-57.1AR;526,87;526,98;22,9;250;250;;22,9;23,96
522;71;239;H-51AR;H_HR/13-51AR;13-51AR;H-51AR;526,58;526,69;39;200;200;;39;40,55
523;72;71;13-51AR;H_HR/13-53AR;13-53AR;13-51AR;526,73;526,85;25;200;200;;25;25,74
524;73;74;13-54AR;H_HR/13-54.1AR;13-54.1AR;13-54AR;526,88;526,95;14,6;200;200;;14,6;16,16
525;74;65;12-52AR;H_HR/13-54AR;13-54AR;12-52AR;526,04;526,42;18,7;200;200;;18,7;20,01
526;79;78;13-72.1AR;H_HR/13-73AR;13-73AR;13-72.1AR;526,4;526,41;9,1;100;100;;9,1;9,91
527;80;92;4-60AR;H_HR/3-60AR;3-60AR;4-60AR;526,55;526,76;69,9;250;250;;69,9;70,65
528;81;80;3-60AR;H_HR/3-62AR;3-62AR;3-60AR;526,75;526,87;62;150;150;;62;62,91
529;82;84;4-47AR;H_HR/4-44AR;4-44AR;4-47AR;527,02;527,16;32,3;250;250;;32,3;33,46
530;84;86;4-49AR;H_HR/4-47AR;4-47AR;4-49AR;526,96;527;15,8;300;300;;15,8;17,04
531;85;86;4-49AR;H_HR/4-48AR;4-48AR;4-49AR;526,98;527,13;4,8;150;150;;4,8;5,7
532;87;243;H-9AR;H_HR/4-51.1AR;4-51.1AR;H-9AR;526,9;526,98;4,5;150;150;;4,5;7,53
533;90;91;4-56AR;H_HR/4-54AR;4-54AR;4-56AR;526,43;526,59;42,2;500;500;;42,2;43,64
534;91;426;L-7AR;H_HR/4-56AR;4-56AR;L-7AR;526,15;526,22;6,1;800;800;;6,1;8,52
535;92;11;R-EINL3;H_HR/4-60AR;4-60AR;R-EINL3;526,34;526,51;29,7;300;300;;29,7;30,15
536;93;92;4-60AR;H_HR/4-62AR;4-62AR;4-60AR;526,53;526,83;64,2;250;250;;64,2;65,33
537;94;93;4-62AR;H_HR/4-64AR;4-64AR;4-62AR;527,41;527,53;32,1;150;150;;32,1;32,92
538;95;191;H-11AR;H_HR/5-47AR;5-47AR;H-11AR;526,69;526,8;29,1;300;300;;29,1;30,24
539;96;247;J-11AR;H_HR/5-51AR;5-51AR;J-11AR;526,53;526,57;9,3;300;300;;9,3;10,32
540;97;247;J-11AR;H_HR/5-53.1AR;5-53.1AR;J-11AR;526,55;526,57;6,7;250;250;;6,7;8,23
451;169;326;M1_G2/86;H_G-25.2AR;G-25.2AR;M1_G2/86;526,83;526,94;28,3;250;250;;28,3;28,88
452;173;174;G-26AR;H_G-26.1AR;G-26.1AR;G-26AR;527,3;527,34;6,2;200;200;;6,2;6,2
453;174;328;M2_G2/86;H_G-26AR;G-26AR;M2_G2/86;526,82;526,82;1,3;250;250;;1,3;1,28
454;204;329;M2_H1/84;H_H-24.1AR;H-24.1AR;M2_H1/84;526,68;526,68;5,6;300;300;;5,6;6,16
455;207;327;M1_H1/84;H_H-24.4AR;H-24.4AR;M1_H1/84;526,67;526,67;1,5;300;300;;1,5;1,51
571;131;430;9.9-32HAR;H_HR/9.9-30.1AR;9.9-30.1AR;9.9-32HAR;524,74;525,21;19,8;150;150;;19,8;20,49
572;132;430;9.9-32HAR;H_HR/9.9-30AR;9.9-30AR;9.9-32HAR;524,71;524,85;10;160;160;;10;10,47
573;134;135;F-11AR;H_HR/F-11.1AR;F-11.1AR;F-11AR;527,21;527,59;3,8;150;150;;3,8;3,95
574;135;136;F-13AR;H_HR/F-11AR;F-11AR;F-13AR;527,07;527,21;7,5;150;150;;7,5;9,14
575;136;160;G-15.1AR;H_HR/F-13AR;F-13AR;G-15.1AR;526,91;527;11,5;150;150;;11,5;12,51
576;137;341;MU51_F3/86;H_HR/F-27.3AR;F-27.3AR;MU51_F3/86;527,5;527,53;0,9;250;250;;0,9;1,47
577;138;142;F-29.3AR;H_HR/F-27.4AR;F-27.4AR;F-29.3AR;527,27;527,41;23,9;300;300;;23,9;25,17
578;139;138;F-27.4AR;H_HR/F-27.6AR;F-27.6AR;F-27.4AR;527,42;527,47;16,3;300;300;;16,3;17,38
579;140;142;F-29.3AR;H_HR/F-29.1AR;F-29.1AR;F-29.3AR;527,26;527,26;1,8;300;300;;1,8;3,05
580;141;143;F-29AR;H_HR/F-29.2AR;F-29.2AR;F-29AR;527,33;527,87;49,4;250;250;;49,4;50,31
581;142;143;F-29AR;H_HR/F-29.3AR;F-29.3AR;F-29AR;527,16;527,27;17,3;300;300;;17,3;18,66
582;143;31;10-47AR;H_HR/F-29AR;F-29AR;10-47AR;527,07;527,16;25,9;300;300;;25,9;27,2
583;144;333;MU50_E7/104;H_HR/F-30.1AR;F-30.1AR;MU50_E7/104;527,38;527,38;4,3;400;400;;4,3;5,08
584;145;30;10-46AR;H_HR/F-30AR;F-30AR;10-46AR;527,05;527,18;26,3;600;600;;26,3;27,53
585;146;144;F-30.1AR;H_HR/F-32.1AR;F-32.1AR;F-30.1AR;527,38;527,42;13,2;400;400;;13,2;14,62
711;281;279;K-20.3AR;H_HR/K-20.2AR;K-21.4AR;K-20.3AR;526,32;526,61;3,4;200;200;;3,4;9,95
712;279;282;K-22.3AR;H_HR/K-20.3AR;K-20.3AR;K-22.3AR;526,21;526,27;17,7;250;250;;17,7;18,84
713;280;279;K-20.3AR;H_HR/K-20AR;K-20AR;K-20.3AR;526,41;526,44;25,9;250;250;;25,9;26,51
714;282;283;K-23.3AR;H_HR/K-22.3AR;K-22.3AR;K-23.3AR;526,07;526,12;14,1;600;600;;14,1;15,7
715;283;286;K-25AR;H_HR/K-23.3AR;K-23.3AR;K-25AR;526,02;526,08;47,9;600;600;;47,9;49,15
471;15;17;10-39AR;H_HR/10-38AR;10-38AR;10-39AR;528,02;528,11;25,4;250;250;;25,4;26,78
472;16;17;10-39AR;H_HR/10-39.1AR;10-39.1AR;10-39AR;527,96;528,13;34;250;250;;34;35,06
473;17;21;10-41AR;H_HR/10-39AR;10-39AR;10-41AR;527,72;527,82;28,9;500;500;;28,9;30,01
474;18;19;10-40AR;H_HR/10-40.1AR;10-40.1AR;10-40AR;527,96;528,06;33;250;250;;33;34,42
475;19;21;10-41AR;H_HR/10-40AR;10-40AR;10-41AR;527,84;527,99;25,4;250;250;;25,4;26,71
476;20;21;10-41AR;H_HR/10-41.1AR;10-41.1AR;10-41AR;527,86;528,02;25;250;250;;25;25,9
477;21;25;10-43AR;H_HR/10-41AR;10-41AR;10-43AR;527,51;527,72;43,8;500;500;;43,8;44,98
478;22;23;10-42AR;H_HR/10-42.1AR;10-42.1AR;10-42AR;527,71;527,89;46,3;300;300;;46,3;47,4
479;23;25;10-43AR;H_HR/10-42AR;10-42AR;10-43AR;527,4;527,54;15,3;600;600;;15,3;16,44
480;24;25;10-43AR;H_HR/10-43.1AR;10-43.1AR;10-43AR;527,65;527,81;27,3;250;250;;27,3;28,45
481;25;29;10-45AR;H_HR/10-43AR;10-43AR;10-45AR;527,23;527,39;28,1;600;600;;28,1;29,08
482;26;28;10-44AR;H_HR/10-44.1AR;10-44.1AR;10-44AR;527,82;528,43;18;250;250;;18;19,07
483;27;29;10-45AR;H_HR/10-44.2AR;10-44.2AR;10-45AR;527,6;527,83;10;200;200;;10;11,07
484;28;25;10-43AR;H_HR/10-44AR;10-44AR;10-43AR;527,36;527,82;11,3;200;200;;11,3;13,27
485;29;145;F-30AR;H_HR/10-45AR;10-45AR;F-30AR;527,16;527,26;30,4;600;600;;30,4;31,63
486;30;31;10-47AR;H_HR/10-46AR;10-46AR;10-47AR;526,99;527,03;21,1;600;600;;21,1;21,93
487;31;176;G-30AR;H_HR/10-47AR;10-47AR;G-30AR;526,81;527,01;38,9;700;700;;38,9;41,08
488;32;33;10-49AR;H_HR/10-49.1AR;10-49.1AR;10-49AR;526,84;526,95;7,2;200;200;;7,2;8,18
489;33;217;H-30AR;H_HR/10-49AR;10-49AR;H-30AR;526,4;526,52;33,3;700;700;;33,3;34,7
490;34;39;10-51AR;H_HR/10-50.1AR;10-50.1AR;10-51AR;526,22;526,3;18,1;800;800;;18,1;19,8
491;35;34;10-50.1AR;H_HR/10-50AR;10-50AR;10-50.1AR;526,62;526,67;9,3;225;225;;9,3;10,93
492;36;39;10-51AR;H_HR/10-51.1AR;10-51.1AR;10-51AR;526,38;526,56;11,2;250;250;;11,2;12,26
493;37;293;K-30AR;H_HR/10-51.3AR;10-51.3AR;K-30AR;526,14;526,2;26,3;800;800;;26,3;28,14
494;38;37;10-51.3AR;H_HR/10-51.4AR;10-51.4AR;10-51.3AR;526,85;527,03;2;225;225;;2;3,89
495;39;37;10-51.3AR;H_HR/10-51AR;10-51AR;10-51.3AR;526,2;526,23;17,5;800;800;;17,5;19,16
456;240;238;H-51.1AR;H_H-53AR;H-53AR;H-51.1AR;526,6;526,68;35,3;400;400;;35,3;35,29
457;1;3;10-31AR;H_HR/10-29AR;10-29AR;10-31AR;528,39;528,45;15,7;400;400;;15,7;17,22
458;2;3;10-31AR;H_HR/10-31.1AR;10-31.1AR;10-31AR;528,45;528,62;33,6;250;250;;33,6;34,39
459;3;5;10-33AR;H_HR/10-31AR;10-31AR;10-33AR;528,29;528,38;15,8;400;400;;15,8;17,07
460;4;3;10-31AR;H_HR/10-32AR;10-32AR;10-31AR;528,46;528,72;51,5;250;250;;51,5;52,98
541;98;97;5-53.1AR;H_HR/5-53AR;5-53AR;5-53.1AR;526,58;526,6;10,9;250;250;;10,9;12,14
542;99;98;5-53AR;H_HR/5-55AR;5-55AR;5-53AR;526,67;526,71;13,1;250;250;;13,1;13,92
543;100;192;H-13.3AR;H_HR/5.5-50.1AR;5.5-50.1AR;H-13.3AR;526,67;526,82;6,6;200;200;;6,6;6,56
544;101;100;5.5-50.1AR;H_HR/5.5-50AR;5.5-50AR;5.5-50.1AR;526,97;527,15;6,8;160;160;;6,8;8,11
545;102;105;6-48AR;H_HR/6-46AR;6-46AR;6-48AR;526,81;527,06;30,4;200;200;;30,4;31,25
546;103;106;6-49AR;H_HR/6-47AR;6-47AR;6-49AR;526,53;526,67;29,6;400;400;;29,6;30,75
547;104;105;6-48AR;H_HR/6-48.1AR;6-48.1AR;6-48AR;526,96;527,05;34,2;150;150;;34,2;35,12
548;105;194;H-15AR;H_HR/6-48AR;6-48AR;H-15AR;526,42;526,76;6;150;150;;6;15,84
549;106;194;H-15AR;H_HR/6-49AR;6-49AR;H-15AR;526,52;526,55;14,7;400;400;;14,7;16,1
550;107;108;6-51AR;H_HR/6-51.1AR;6-51.1AR;6-51AR;526,37;526,73;1,6;160;160;;1,6;2,99
551;108;250;J-15AR;H_HR/6-51AR;6-51AR;J-15AR;526,34;526,37;33,5;500;500;;33,5;34,9
552;109;110;6-59AR;H_HR/6-57AR;6-57AR;6-59AR;526,14;526,19;4,2;600;600;;4,2;5,59
553;110;419;L-14AR;H_HR/6-59AR;6-59AR;L-14AR;525,98;526,15;18,6;600;600;;18,6;20,93
554;111;276;K-16AR;H_HR/6.6-56AR;6.6-56AR;K-16AR;526,56;526,95;20,2;200;200;;20,2;21,34
555;112;190;GH-21AR;H_HR/7-49AR;7-49AR;GH-21AR;527;527,25;4,9;150;150;;4,9;5,74
556;113;356;N-17.2AR;H_HR/7-73.1AR;7-73.1AR;N-17.2AR;526,89;526,92;9,2;200;200;;9,2;10,58
557;114;113;7-73.1AR;H_HR/7-73.2AR;7-73.2AR;7-73.1AR;526,9;527,25;8,1;150;150;;8,1;14,65
558;115;280;K-20AR;H_HR/7.7-53AR;7.7-53AR;K-20AR;526,41;526,43;8,5;200;200;;8,5;9,27
559;116;115;7.7-53AR;H_HR/7.7-59AR;7.7-59AR;7.7-53AR;526,43;526,51;15,2;200;200;;15,2;16,18
560;117;172;G-25AR;H_HR/8-44.1AR;8-44.1AR;G-25AR;526,67;526,7;4;250;250;;4;5,16
561;118;119;8-48AR;H_HR/8-46AR;8-46AR;8-48AR;526,49;526,57;30,2;400;400;;30,2;31,36
562;119;416;H-24AR;H_HR/8-48AR;8-48AR;H-24AR;526,45;526,47;27,8;400;400;;27,8;30,88
563;120;261;J-24.1AR;H_HR/8-50AR;8-50AR;J-24.1AR;526,3;526,42;38,7;500;500;;38,7;39,74
564;121;283;K-23.3AR;H_HR/8-57AR;8-57AR;K-23.3AR;526,39;526,4;8,5;250;250;;8,5;9,54
565;122;121;8-57AR;H_HR/8-59AR;8-59AR;8-57AR;526,42;526,59;29,2;250;250;;29,2;30,56
566;123;363;N-21.3AR;H_HR/8-71.1AR;8-71.1AR;N-21.3AR;526,64;526,98;15,1;250;250;;15,1;16,53
567;124;123;8-71.1AR;H_HR/8-73.1AR;8-73.1AR;8-71.1AR;526,98;527,13;27,4;250;250;;27,4;28,47
568;128;370;N-24.2AR;H_HR/9-71.1AR;9-71.1AR;N-24.2AR;526,69;527,21;28,9;150;150;;28,9;30,27
569;129;372;N-27.1AR;H_HR/9-71.2AR;9-71.2AR;N-27.1AR;526,63;526,87;23,7;200;200;;23,7;24,99
570;130;369;N-24.1AR;H_HR/9-71AR;9-71AR;N-24.1AR;526,44;526,55;23,7;300;300;;23,7;24,64
621;185;187;GH-18AR;H_HR/GH-16AR;GH-16AR;GH-18AR;527,34;527,48;26,4;150;150;;26,4;27,15
622;186;103;6-47AR;H_HR/GH-17AR;GH-17AR;6-47AR;526,72;526,79;18;250;250;;18;19,02
623;187;186;GH-17AR;H_HR/GH-18AR;GH-18AR;GH-17AR;526,77;527,27;5,8;150;150;;5,8;18,47
624;188;186;GH-17AR;H_HR/GH-19AR;GH-19AR;GH-17AR;526,77;527,02;4,7;150;150;;4,7;22,12
625;189;190;GH-21AR;H_HR/GH-20AR;GH-20AR;GH-21AR;526,92;527,17;6,6;150;150;;6,6;6,99
626;190;186;GH-17AR;H_HR/GH-21AR;GH-21AR;GH-17AR;526,8;526,91;39,5;250;250;;39,5;40,55
627;191;96;5-51AR;H_HR/H-11AR;H-11AR;5-51AR;526,58;526,7;43,4;300;300;;43,4;44,57
628;192;193;H-13.4AR;H_HR/H-13.3AR;H-13.3AR;H-13.4AR;526,61;526,61;8,7;250;250;;8,7;9,66
629;193;335;MU50_H1/55;H_HR/H-13.4AR;H-13.4AR;MU50_H1/55;526,58;526,59;3,1;280;280;;3,1;3,81
630;194;108;6-51AR;H_HR/H-15AR;H-15AR;6-51AR;526,37;526,42;18,9;500;500;;18,9;20,27
606;167;330;M51_G1/81;H_HR/G-24AR;G-24AR;M51_G1/81;527,01;527,1;13;200;200;;13;13,61
607;168;172;G-25AR;H_HR/G-25.1AR;G-25.1AR;G-25AR;526,67;526,79;37,4;300;300;;37,4;38,59
608;170;169;G-25.2AR;H_HR/G-25.3AR;G-25.3AR;G-25.2AR;526,94;527,06;4,5;200;200;;4,5;5,79
609;171;169;G-25.2AR;H_HR/G-25.4AR;G-25.4AR;G-25.2AR;526,93;526,99;15,3;250;250;;15,3;16,3
610;172;118;8-46AR;H_HR/G-25AR;G-25AR;8-46AR;526,65;526,67;9,1;300;300;;9,1;10,37
611;175;176;G-30AR;H_HR/G-29AR;G-29AR;G-30AR;526,88;527,13;31,5;300;300;;31,5;33,18
612;176;33;10-49AR;H_HR/G-30AR;G-30AR;10-49AR;526,54;526,76;37,6;700;700;;37,6;39,28
613;177;178;G-31AR;H_HR/G-31.2AR;G-31.2AR;G-31AR;527,05;527,09;12,1;200;200;;12,1;13,26
614;178;176;G-30AR;H_HR/G-31AR;G-31AR;G-30AR;526,79;526,84;6,1;300;300;;6,1;7,08
615;179;178;G-31AR;H_HR/G-32AR;G-32AR;G-31AR;526,83;526,9;14,3;300;300;;14,3;15,44
616;180;179;G-32AR;H_HR/G-33AR;G-33AR;G-32AR;526,91;527,03;21,3;300;300;;21,3;22,64
617;181;180;G-33AR;H_HR/G-34AR;G-34AR;G-33AR;527,05;527,11;10,3;300;300;;10,3;11,43
618;182;183;G-6AR;H_HR/G-6.1AR;G-6.1AR;G-6AR;527,37;527,46;13,5;150;150;;13,5;14,93
619;183;184;G-8AR;H_HR/G-6AR;G-6AR;G-8AR;527,22;527,37;33,2;250;250;;33,2;34,4
620;184;82;4-44AR;H_HR/G-8AR;G-8AR;4-44AR;527,19;527,25;9,7;250;250;;9,7;10,9
636;201;200;H-20.1AR;H_HR/H-20AR;H-20AR;H-20.1AR;526,66;526,83;14,2;200;200;;14,2;15,04
637;202;416;H-24AR;H_HR/H-23.1AR;H-23.1AR;H-24AR;526,38;526,51;9,2;250;250;;9,2;10,16
638;203;202;H-23.1AR;H_HR/H-23AR;H-23AR;H-23.1AR;526,51;526,59;9,7;250;250;;9,7;10,84
639;205;204;H-24.1AR;H_HR/H-24.2AR;H-24.2AR;H-24.1AR;526,76;526,78;4,3;250;250;;4,3;5,54
640;206;205;H-24.2AR;H_HR/H-24.3AR;H-24.3AR;H-24.2AR;526,8;526,87;14,9;200;200;;14,9;15,97
641;416;120;8-50AR;H_HR/H-24AR;H-24AR;8-50AR;526,41;526,47;14,7;500;500;;14,7;15,77
642;208;211;H-26AR;H_HR/H-26.1AR;H-26.1AR;H-26AR;526,83;526,84;5,6;250;250;;5,6;5,59
643;209;208;H-26.1AR;H_HR/H-26.2AR;H-26.2AR;H-26.1AR;526,83;526,87;3,9;250;250;;3,9;5,03
644;210;209;H-26.2AR;H_HR/H-26.3AR;H-26.3AR;H-26.2AR;526,86;526,9;9,3;200;200;;9,3;10,13
645;211;204;H-24.1AR;H_HR/H-26AR;H-26AR;H-24.1AR;526,71;526,86;26,8;300;300;;26,8;27,88
646;133;217;H-30AR;H_HR/H-28.1AR;AZ5_H1/96;H-30AR;526,58;526,69;27,3;250;250;;27,3;27,01
647;213;212;H-28.1AR;H_HR/H-28.2AR;H-28.2AR;H-28.1AR;526,73;527,28;8,9;150;150;;8,9;11,12
648;214;212;H-28.1AR;H_HR/H-28.4AR;H-28.4AR;H-28.1AR;526,91;526,95;5,5;200;200;;5,5;6,19
649;215;214;H-28.4AR;H_HR/H-28.5AR;H-28.5AR;H-28.4AR;526,96;527,12;14,1;150;150;;14,1;15,34
650;216;212;H-28.1AR;H_HR/H-28AR;H-28AR;H-28.1AR;526,74;526,8;26,9;250;250;;26,9;27,92
651;217;34;10-50.1AR;H_HR/H-30AR;H-30AR;10-50.1AR;526,29;526,38;30,4;800;800;;30,4;31,36
652;218;407;R50_J3/105;H_HR/H-31AR;H-31AR;R50_J3/105;526,68;527,18;44,4;250;250;;44,4;44,4
653;219;221;H-32.4AR;H_HR/H-32.2AR;H-32.2AR;H-32.4AR;526,87;526,93;4,4;300;300;;4,4;5,66
654;220;219;H-32.2AR;H_HR/H-32.3AR;H-32.3AR;H-32.2AR;527,06;527,17;10,4;200;200;;10,4;11,54
655;221;222;H-32AR;H_HR/H-32.4AR;H-32.4AR;H-32AR;526,68;526,74;10,3;400;400;;10,3;11,59
656;222;217;H-30AR;H_HR/H-32AR;H-32AR;H-30AR;526,56;526,7;41,6;500;500;;41,6;42,52
657;223;226;H-33AR;H_HR/H-33.1AR;H-33.1AR;H-33AR;527,03;527,08;15,6;150;150;;15,6;15,68
658;224;223;H-33.1AR;H_HR/H-33.2AR;H-33.2AR;H-33.1AR;527,12;527,15;11,3;150;150;;11,3;12,21
659;225;224;H-33.2AR;H_HR/H-33.3AR;H-33.3AR;H-33.2AR;527,16;527,26;25,4;150;150;;25,4;26,5
660;226;295;K-32.1AR;H_HR/H-33AR;H-33AR;K-32.1AR;526,56;526,72;56,5;200;200;;56,5;56,48
661;227;221;H-32.4AR;H_HR/H-34AR;H-34AR;H-32.4AR;526,76;526,78;18,4;400;400;;18,4;19,56
662;417;229;H-40AR;H_HR/H-36AR;H-36AR;H-40AR;526,8;526,9;21;400;400;;21;21,96
663;228;232;H-44AR;H_HR/H-38AR;H-38AR;H-44AR;526,82;526,86;15,2;400;400;;15,2;16,27
664;229;231;H-42AR;H_HR/H-40AR;H-40AR;H-42AR;526,76;526,78;7,6;500;500;;7,6;9,1
665;230;228;H-38AR;H_HR/H-41.1AR;H-41.1AR;H-38AR;526,83;526,86;7,5;300;300;;7,5;8,79
666;231;232;H-44AR;H_HR/H-42AR;H-42AR;H-44AR;526,68;526,72;14,2;600;600;;14,2;15,5
667;232;234;H-46AR;H_HR/H-44AR;H-44AR;H-46AR;526,55;526,64;29;700;700;;29;30,9
668;233;234;H-46AR;H_HR/H-45AR;H-45AR;H-46AR;526,66;526,69;7,5;400;400;;7,5;8,28
669;234;235;H-48AR;H_HR/H-46AR;H-46AR;H-48AR;526,45;526,5;18,7;700;700;;18,7;19,48
670;235;334;MU50_H1/119;H_HR/H-48AR;H-48AR;MU50_H1/119;526,41;526,44;7,4;800;800;;7,4;8,09
671;236;344;MU52_H1/119;H_HR/H-49AR;H-49AR;MU52_H1/119;526,4;526,41;1,9;900;900;;1,9;2,07
672;237;238;H-51.1AR;H_HR/H-50.4AR;H-50.4AR;H-51.1AR;526,61;526,75;8,5;450;450;;8,5;9,65
673;429;60;12-50AR;H_HR/H-50AR;H-50AR;12-50AR;526,05;526,1;49,3;800;800;;49,3;49,3
674;238;239;H-51AR;H_HR/H-51.1AR;H-51.1AR;H-51AR;526,57;526,59;3;400;400;;3;4,08
675;239;429;H-50AR;H_HR/H-51AR;H-51AR;H-50AR;526,39;526,56;43;400;400;;43;43,03
676;241;267;J-6AR;H_HR/H-7AR;H-7AR;J-6AR;526,97;527,26;55,6;200;200;;55,6;56,6
677;242;243;H-9AR;H_HR/H-9.1AR;H-9.1AR;H-9AR;527,12;527,3;15,9;150;150;;15,9;13,93
678;243;271;J-9AR;H_HR/H-9AR;H-9AR;J-9AR;526,76;526,9;52,1;300;300;;52,1;53,3
679;244;263;J-26.2AR;H_HR/HJ-26.1AR;HJ-26.1AR;J-26.2AR;526,2;526,37;19;200;200;;19;20,2
680;245;244;HJ-26.1AR;H_HR/HJ-26AR;HJ-26AR;HJ-26.1AR;526,38;526,86;20,3;150;150;;20,3;21,16
681;246;244;HJ-26.1AR;H_HR/HJ-28AR;HJ-28AR;HJ-26.1AR;526,41;526,49;10,9;200;200;;10,9;12,18
682;247;345;MU52_J1/54;H_HR/J-11AR;J-11AR;MU52_J1/54;526,39;526,51;30,6;400;400;;30,6;31,28
683;248;249;J-12AR;H_HR/J-12.1AR;J-12.1AR;J-12AR;526,7;526,72;3,9;150;150;;3,9;4,8
684;249;348;MU53_J1/54;H_HR/J-12AR;J-12AR;MU53_J1/54;526,37;526,38;1,6;400;400;;1,6;2,18
685;250;275;K-14AR;H_HR/J-15AR;J-15AR;K-14AR;526,26;526,34;42,5;600;600;;42,5;43,16
686;251;252;J-17AR;H_HR/J-17.2AR;J-17.2AR;J-17AR;526,49;526,54;3,7;150;150;;3,7;4,51
687;252;250;J-15AR;H_HR/J-17AR;J-17AR;J-15AR;526,37;526,41;27,5;300;300;;27,5;28,39
688;253;252;J-17AR;H_HR/J-19.1AR;J-19.1AR;J-17AR;526,42;526,56;32,2;300;300;;32,2;33,49
689;254;253;J-19.1AR;H_HR/J-19AR;J-19AR;J-19.1AR;526,56;526,64;7,7;300;300;;7,7;8,67
690;255;257;J-20AR;H_HR/J-20.1AR;J-20.1AR;J-20AR;526,63;526,71;4,6;200;200;;4,6;5,56
691;257;259;J-22AR;H_HR/J-20AR;J-20AR;J-22AR;526,48;526,63;32,2;200;200;;32,2;33,28
692;258;260;J-23AR;H_HR/J-21AR;J-21AR;J-23AR;526,93;527,39;26,5;150;150;;26,5;27,29
693;259;336;MU50_J1/75;H_HR/J-22AR;J-22AR;MU50_J1/75;526,4;526,41;2,8;200;200;;2,8;3,09
694;260;259;J-22AR;H_HR/J-23AR;J-23AR;J-22AR;526,6;526,77;11,8;200;200;;11,8;12,76
695;261;337;MU50_J3/81;H_HR/J-24.1AR;J-24.1AR;MU50_J3/81;526,18;526,24;20,8;500;500;;20,8;21,69
696;262;266;J-28AR;H_HR/J-26.1AR;J-26.1AR;J-28AR;526,13;526,18;9,5;300;300;;9,5;10,78
697;263;262;J-26.1AR;H_HR/J-26.2AR;J-26.2AR;J-26.1AR;526,19;526,19;3,9;200;200;;3,9;4,82
698;264;265;J-26AR;H_HR/J-26.3AR;J-26.3AR;J-26AR;526,56;526,87;2,5;200;200;;2,5;3,42
699;266;127;9-52.1AR;H_HR/J-28AR;J-28AR;9-52.1AR;526,11;526,15;11,1;300;300;;11,1;12,16
700;267;268;J-7AR;H_HR/J-6AR;J-6AR;J-7AR;526,8;526,97;22,1;200;200;;22,1;23,29
701;268;270;J-8AR;H_HR/J-7AR;J-7AR;J-8AR;526,78;526,78;10,7;250;250;;10,7;11,73
702;269;270;J-8AR;H_HR/J-8.1AR;J-8.1AR;J-8AR;526,78;526,78;3,9;200;200;;3,9;5,08
703;270;271;J-9AR;H_HR/J-8AR;J-8AR;J-9AR;526,74;526,8;6,8;250;250;;6,8;7,67
704;272;110;6-59AR;H_HR/K-13.1AR;K-13.1AR;6-59AR;526,25;526,29;5,4;150;150;;5,4;6,39
705;273;272;K-13.1AR;H_HR/K-13.2AR;K-13.2AR;K-13.1AR;526,29;526,38;27;150;150;;27;28,27
706;274;273;K-13.2AR;H_HR/K-13.3AR;K-13.3AR;K-13.2AR;526,38;526,6;40,2;150;150;;40,2;41,39
707;275;109;6-57AR;H_HR/K-14AR;K-14AR;6-57AR;526,15;526,22;20,3;600;600;;20,3;21,32
708;276;275;K-14AR;H_HR/K-16AR;K-16AR;K-14AR;526,52;526,54;34;250;250;;34;35,2
709;277;276;K-16AR;H_HR/K-18AR;K-18AR;K-16AR;526,55;526,68;37,6;250;250;;37,6;38,68
710;278;281;K-21.4AR;H_HR/K-20.1AR;K-20.1AR;K-21.4AR;526,68;527,07;24,5;150;150;;24,5;25,52
716;284;283;K-23.3AR;H_HR/K-23.4AR;K-23.4AR;K-23.3AR;526,08;526,28;8,9;200;200;;8,9;10,42
717;285;284;K-23.4AR;H_HR/K-23.5AR;K-23.5AR;K-23.4AR;526,65;526,73;28,6;200;200;;28,6;29,66
718;286;310;KL-25.1AR;H_HR/K-25AR;K-25AR;KL-25.1AR;525,92;525,97;38,8;600;600;;38,8;40,62
719;287;286;K-25AR;H_HR/K-26.1AR;K-26.1AR;K-25AR;525,98;525,98;11,4;500;500;;11,4;12,58
720;288;290;K-27AR;H_HR/K-27.1AR;K-27.1AR;K-27AR;526,25;527,06;8;200;200;;8;8,99
721;289;288;K-27.1AR;H_HR/K-27.2AR;K-27.2AR;K-27.1AR;527,08;527,24;25,8;200;200;;25,8;26,45
722;290;339;MU50_K1/92;H_HR/K-27AR;K-27AR;MU50_K1/92;526,13;526,22;20;250;250;;20;20,7
723;291;293;K-30AR;H_HR/K-28AR;K-28AR;K-30AR;526,34;526,42;28,5;250;250;;28,5;30,09
724;292;294;K-31AR;H_HR/K-30.1AR;K-30.1AR;K-31AR;526,46;526,51;8,7;200;200;;8,7;9,67
725;293;411;10-53AR;H_HR/K-30AR;K-30AR;10-53AR;526;526,13;56,4;900;900;;56,4;59,81
726;294;293;K-30AR;H_HR/K-31AR;K-31AR;K-30AR;526,3;526,36;23;250;250;;23;24,12
727;295;296;K-32AR;H_HR/K-32.1AR;K-32.1AR;K-32AR;526,43;526,52;8,8;200;200;;8,8;10,07
728;296;294;K-31AR;H_HR/K-32AR;K-32AR;K-31AR;526,36;526,39;15,3;250;250;;15,3;16,34
729;297;296;K-32AR;H_HR/K-33AR;K-33AR;K-32AR;526,37;526,45;16,7;250;250;;16,7;17,99
730;298;297;K-33AR;H_HR/K-34.1AR;K-34.1AR;K-33AR;526,51;526,65;8,4;200;200;;8,4;9,9
731;299;297;K-33AR;H_HR/K-34AR;K-34AR;K-33AR;526,45;526,48;21,2;250;250;;21,2;22,15
732;418;299;K-34AR;H_HR/K-36.1AR;K-36.1AR;K-34AR;526,5;526,56;8,1;250;250;;8,1;8,98
733;300;418;K-36.1AR;H_HR/K-36KA;K-36KA;K-36.1AR;526,62;526,71;8,5;200;200;;8,5;10,47
734;301;302;K-40AR;H_HR/K-39AR;K-39AR;K-40AR;527,03;527,15;22,7;250;250;;22,7;23,83
735;302;68;12-57.1AR;H_HR/K-40AR;K-40AR;12-57.1AR;526,88;527,01;34,8;250;250;;34,8;36,11
736;303;91;4-56AR;H_HR/K-7AR;K-7AR;4-56AR;526,22;526,93;21,6;200;200;;21,6;30,98
737;304;91;4-56AR;H_HR/K-9AR;K-9AR;4-56AR;526,22;527,27;5,4;100;100;;5,4;21,11
738;305;109;6-57AR;H_HR/KL-17AR;KL-17AR;6-57AR;526,52;526,59;26,3;250;250;;26,3;27,62
739;308;346;MU52_L1/63;H_HR/KL-21AR;KL-21AR;MU52_L1/63;526,65;526,78;24,2;150;150;;24,2;24,83
740;309;116;7.7-59AR;H_HR/KL-22AR;KL-22AR;7.7-59AR;526,45;526,55;29,1;150;150;;29,1;29,88
741;310;420;L-25AR;H_HR/KL-25.1AR;KL-25.1AR;L-25AR;525,81;525,89;26,6;600;600;;26,6;28,23
742;311;408;R50_L2/51;H_HR/L-10AR;L-10AR;R50_L2/51;526,71;526,78;5,6;100;100;;5,6;5,91
743;312;419;L-14AR;H_HR/L-12AR;L-12AR;L-14AR;525,95;526,33;17,7;150;150;;17,7;19,71
749;317;420;L-25AR;H_HR/L-25.1AR;L-25.1AR;L-25AR;526,07;526,1;15,8;250;250;;15,8;17,28
750;318;317;L-25.1AR;H_HR/L-25.2AR;L-25.2AR;L-25.1AR;526,12;526,47;27,9;250;250;;27,9;29,17
751;420;411;10-53AR;H_HR/L-25AR;L-25AR;10-53AR;525,69;525,72;88,1;1400;1400;;88,1;93,23
752;319;422;L-31AR;H_HR/L-29AR;L-29AR;L-31AR;525,65;525,69;72;1600;1600;;72;73,89
753;320;318;L-25.2AR;H_HR/L-30.1AR;L-30.1AR;L-25.2AR;526,48;526,89;32,1;250;250;;32,1;33,13
754;321;320;L-30.1AR;H_HR/L-30.2AR;L-30.2AR;L-30.1AR;526,91;527,05;7,4;200;200;;7,4;8,57
755;421;323;L-33AR;H_HR/L-31.1AR;L-31.1AR;L-33AR;525,61;525,61;15;1600;1600;;15;15,66
756;422;421;L-31.1AR;H_HR/L-31AR;L-31AR;L-31.1AR;525,63;525,64;6,5;1600;1600;;6,5;10,01
757;322;324;L-35AR;H_HR/L-33.1AR;L-33.1AR;L-35AR;525,6;525,6;40,2;1600;1600;;40,2;39,98
758;323;322;L-33.1AR;H_HR/L-33AR;L-33AR;L-33.1AR;525,6;525,61;8,5;1600;1600;;8,5;8,68
759;324;423;L-37AR;H_HR/L-35AR;L-35AR;L-37AR;525,6;525,61;20;1600;1600;;20;23,66
760;423;424;L-39AR;H_HR/L-37AR;L-37AR;L-39AR;525,52;525,53;10,7;1600;1600;;10,7;14,33
761;424;425;L-41AR;H_HR/L-39AR;L-39AR;L-41AR;525,37;525,44;29,6;1800;1800;;29,6;33,81
762;425;9;L-42AR;H_HR/L-41AR;L-41AR;L-42AR;525,09;525,1;10,7;1800;1800;;10,7;12,31
763;426;419;L-14AR;H_HR/L-7AR;L-7AR;L-14AR;526,05;526,15;80,1;800;800;;80,1;80,14
764;325;311;L-10AR;H_HR/L-8AR;L-8AR;L-10AR;526,8;526,97;19,2;100;100;;19,2;20,56
765;345;249;J-12AR;H_HR/MU2_J1/54;MU52_J1/54;J-12AR;526,39;526,39;1,4;400;400;;1,4;2,07
766;348;250;J-15AR;H_HR/MU3_J1/54;MU53_J1/54;J-15AR;526,33;526,37;13,2;400;400;;13,2;14,46
767;333;145;F-30AR;H_HR/MU50_E7/104;MU50_E7/104;F-30AR;527,24;527,38;36,1;400;400;;36,1;36,81
768;334;236;H-49AR;H_HR/MU50_H1/119;MU50_H1/119;H-49AR;526,41;526,41;0,5;900;900;;0,5;1,57
769;335;194;H-15AR;H_HR/MU50_H1/55;MU50_H1/55;H-15AR;526,54;526,58;13,4;250;250;;13,4;13,74
770;337;338;MU50_J4/81;H_HR/MU50_J3/81;MU50_J3/81;MU50_J4/81;526,13;526,18;15;500;500;;15;15,02
771;338;282;K-22.3AR;H_HR/MU50_J4/81;MU50_J4/81;K-22.3AR;526,12;526,14;5,6;500;500;;5,6;6,22
772;339;287;K-26.1AR;H_HR/MU50_K1/92;MU50_K1/92;K-26.1AR;526,09;526,13;9,3;250;250;;9,3;10,02
773;340;361;N-20.1AR;H_HR/MU50_N1/83;MU50_N1/83;N-20.1AR;526,52;526,52;0,8;800;800;;0,8;1,34
774;341;139;F-27.6AR;H_HR/MU51_F3/86;MU51_F3/86;F-27.6AR;527,49;527,5;21,3;250;250;;21,3;21,74
775;342;236;H-49AR;H_HR/MU51_H1/119;MU51_H1/119;H-49AR;526,67;526,67;0,6;300;300;;0,6;1,37
776;343;364;N-22AR;H_HR/MU51_N1/83;MU51_N1/83;N-22AR;526,47;526,52;9,4;700;700;;9,4;10,04
777;344;429;H-50AR;H_HR/MU52_H1/119;MU52_H1/119;H-50AR;526,36;526,4;18,4;800;800;;18,4;17,78
778;346;306;KL-19.1AR;H_HR/MU52_L1/63;MU52_L1/63;KL-19.1AR;526,63;526,65;2,6;200;200;;2,6;3,37
779;347;340;MU50_N1/83;H_HR/MU52_N1/74;MU52_N1/74;MU50_N1/83;526,52;526,59;39,9;700;700;;39,9;39,86
780;349;305;KL-17AR;H_HR/MU53_L1/63;MU53_L1/63;KL-17AR;526,59;526,61;10,7;250;250;;10,7;11,19
781;350;358;N-18.1AR;H_HR/MU53_N1/74;MU53_N1/74;N-18.1AR;526,62;526,62;3;300;300;;3;3,86
782;352;354;N-15AR;H_HR/N-13AR;N-13AR;N-15AR;526,96;527,21;23,8;250;250;;23,8;24,83
783;353;355;N-16AR;H_HR/N-15.1AR;N-15.1AR;N-16AR;526,85;526,9;19;250;250;;19;20,01
784;354;353;N-15.1AR;H_HR/N-15AR;N-15AR;N-15.1AR;526,9;526,91;9;250;250;;9;9,96
785;355;359;N-18AR;H_HR/N-16AR;N-16AR;N-18AR;526,81;526,85;16,8;300;300;;16,8;17,79
786;356;363;N-21.3AR;H_HR/N-17.2AR;N-17.2AR;N-21.3AR;526,69;526,9;31,3;200;200;;31,3;32,46
787;357;353;N-15.1AR;H_HR/N-17AR;N-17AR;N-15.1AR;526,89;527,01;12,6;250;250;;12,6;13,57
788;358;347;MU52_N1/74;H_HR/N-18.1AR;N-18.1AR;MU52_N1/74;526,59;526,61;1,9;800;800;;1,9;1,93
789;359;351;MU54_N1/74;H_HR/N-18AR;N-18AR;MU54_N1/74;526,62;526,75;43,9;700;700;;43,9;44,4
790;360;357;N-17AR;H_HR/N-19AR;N-19AR;N-17AR;527;527,28;15,1;250;250;;15,1;16,14
791;361;343;MU51_N1/83;H_HR/N-20.1AR;N-20.1AR;MU51_N1/83;526,52;526,53;0,9;800;800;;0,9;1,91
792;362;361;N-20.1AR;H_HR/N-20.2AR;N-20.2AR;N-20.1AR;526,74;526,75;1;100;100;;1;2,54
793;363;350;MU53_N1/74;H_HR/N-21.3AR;N-21.3AR;MU53_N1/74;526,62;526,63;8,4;300;300;;8,4;9,22
794;364;371;N-24.3AR;H_HR/N-22AR;N-22AR;N-24.3AR;526,37;526,51;51,8;700;700;;51,8;53,05
795;365;368;N-23AR;H_HR/N-23.1AR;N-23.1AR;N-23AR;526,71;526,72;1,5;300;300;;1,5;1,53
796;366;368;N-23AR;H_HR/N-23.2AR;N-23.2AR;N-23AR;526,78;526,9;15,6;150;150;;15,6;16,39
797;367;371;N-24.3AR;H_HR/N-23.3AR;N-23.3AR;N-24.3AR;526,36;526,75;7,5;150;150;;7,5;21,87
798;369;371;N-24.3AR;H_HR/N-24.1AR;N-24.1AR;N-24.3AR;526,4;526,42;10,4;300;300;;10,4;11,57
799;370;372;N-27.1AR;H_HR/N-24.2AR;N-24.2AR;N-27.1AR;526,52;526,63;23,4;200;200;;23,4;24,26
800;371;373;N-27AR;H_HR/N-24.3AR;N-24.3AR;N-27AR;526,26;526,36;56,4;700;700;;56,4;58,17
801;372;373;N-27AR;H_HR/N-27.1AR;N-27.1AR;N-27AR;526,38;526,5;9,3;300;300;;9,3;10,95
802;373;374;N-28AR;H_HR/N-27AR;N-27AR;N-28AR;526,19;526,3;41;700;700;;41;42,3
803;374;375;N-30AR;H_HR/N-28AR;N-28AR;N-30AR;526,11;526,17;43,4;700;700;;43,4;44,42
804;375;378;N-32AR;H_HR/N-30AR;N-30AR;N-32AR;526,02;526,1;47,9;700;700;;47,9;49,05
805;376;427;N-34AR;H_HR/N-32.1AR;N-32.1AR;N-34AR;525,93;525,93;26,8;700;700;;26,8;28,58
806;377;376;N-32.1AR;H_HR/N-32.3AR;N-32.3AR;N-32.1AR;525,99;526,09;8;200;200;;8;9,7
807;378;376;N-32.1AR;H_HR/N-32AR;N-32AR;N-32.1AR;525,94;526,01;21,7;700;700;;21,7;22,94
808;427;10;N-34.1AR;H_HR/N-34AR;N-34AR;N-34.1AR;525,21;525,27;9,1;1000;1000;;9,1;12,6
809;379;427;N-34AR;H_HR/N-36AR;N-36AR;N-34AR;525,95;525,98;11,8;500;500;;11,8;15,63
810;380;379;N-36AR;H_HR/N-40AR;N-40AR;N-36AR;526;526,04;41,1;400;400;;41,1;42,28
811;381;380;N-40AR;H_HR/N-42AR;N-42AR;N-40AR;526,04;526,1;37,3;400;400;;37,3;38,66
812;382;381;N-42AR;H_HR/N-44AR;N-44AR;N-42AR;526,14;526,23;51,7;300;300;;51,7;52,87
813;383;382;N-44AR;H_HR/N-46AR;N-46AR;N-44AR;526,22;526,27;19,1;300;300;;19,1;20,26
814;384;352;N-13AR;H_HR/O-14AR;O-14AR;N-13AR;527,22;527,51;27,8;200;200;;27,8;28,83
815;385;384;O-14AR;H_HR/O-16AR;O-16AR;O-14AR;527,52;527,79;23,1;200;200;;23,1;24,16
816;386;387;O-20.1AR;H_HR/O-18.1AR;O-18.1AR;O-20.1AR;527,13;527,25;19,7;150;150;;19,7;26,86
817;387;113;7-73.1AR;H_HR/O-20.1AR;O-20.1AR;7-73.1AR;526,91;527,12;28,6;200;200;;28,6;29,81
818;388;124;8-73.1AR;H_HR/O-20.2AR;O-20.2AR;8-73.1AR;527,15;527,3;10,9;250;250;;10,9;12,1
819;389;388;O-20.2AR;H_HR/O-20.3AR;O-20.3AR;O-20.2AR;527,3;527,48;25;150;150;;25;34,76
820;390;391;O-23AR;H_HR/O-22AR;O-22AR;O-23AR;526,65;527,54;41,2;150;150;;41,2;42,33
821;391;130;9-71AR;H_HR/O-23AR;O-23AR;9-71AR;526,58;526,66;16,3;300;300;;16,3;17,75
822;392;393;O-31AR;H_HR/O-31.1AR;O-31.1AR;O-31AR;525,53;525,65;2,1;800;800;;2,1;4,29
823;393;394;O-32AR;H_HR/O-31AR;O-31AR;O-32AR;525,4;525,52;22,6;800;800;;22,6;24,41
824;394;427;N-34AR;H_HR/O-32AR;O-32AR;N-34AR;525,3;525,4;34,9;800;800;;34,9;35,83
825;395;379;N-36AR;H_HR/O-34AR;O-34AR;N-36AR;526,16;526,19;32,1;500;500;;32,1;33,71
826;396;395;O-34AR;H_HR/O-35AR;O-35AR;O-34AR;526,22;526,23;24;500;500;;24;25,76
827;397;398;P-33AR;H_HR/P-31AR;P-31AR;P-33AR;526,53;526,67;38,8;400;400;;38,8;39,6
828;398;399;P-35AR;H_HR/P-33AR;P-33AR;P-35AR;526,42;526,51;35,9;400;400;;35,9;37,29
829;399;400;P-37AR;H_HR/P-35AR;P-35AR;P-37AR;526,39;526,42;13,5;400;400;;13,5;14,58
830;400;396;O-35AR;H_HR/P-37AR;P-37AR;O-35AR;526,25;526,38;36,1;500;500;;36,1;37,19
831;401;402;P-39AR;H_HR/P-39.1AR;P-39.1AR;P-39AR;526,52;526,97;18,9;150;150;;18,9;19,6
832;402;400;P-37AR;H_HR/P-39AR;P-39AR;P-37AR;526,42;526,44;25,4;300;300;;25,4;26,51
833;403;402;P-39AR;H_HR/P-41.1AR;P-41.1AR;P-39AR;526,46;526,52;32;300;300;;32;33,2
834;404;410;R50_P3/122;H_HR/P-42AR;P-42AR;R50_P3/122;526,57;526,58;12,3;300;300;;12,3;12,8
835;405;41;11-47.1AR;H_HR/R50_F2/113;R50_F2/113;11-47.1AR;525,04;525,16;19,2;280;280;;19,2;19,21
836;406;412;11-49HAR;H_HR/R50_G2/113;R50_G2/113;11-49HAR;524,74;524,79;37,3;280;280;;37,3;37,33
837;407;292;K-30.1AR;H_HR/R50_J3/105;R50_J3/105;K-30.1AR;526,55;526,68;11,8;200;200;;11,8;11,81
838;408;409;R50_L2/53;H_HR/R50_L2/51;R50_L2/51;R50_L2/53;526,5;526,71;17,8;125;125;;17,8;17,1
839;409;312;L-12AR;H_HR/R50_L2/53;R50_L2/53;L-12AR;526,33;526,5;14,5;150;150;;14,5;15,01
840;410;403;P-41.1AR;H_HR/R50_P3/122;R50_P3/122;P-41.1AR;526,55;526,57;9,8;250;250;;9,8;10,38
841;47;406;R50_G2/113;H_HR1/11-48AR;11-48AR;R50_G2/113;524,79;524,8;5;225;225;;5;5,01
842;83;84;4-47AR;H_HR1/4-46AR;4-46AR;4-47AR;527,06;527,26;4,4;150;150;;4,4;5,46
843;86;243;H-9AR;H_HR1/4-49AR;4-49AR;H-9AR;526,91;526,94;7,7;200;200;;7,7;8,86
844;127;287;K-26.1AR;H_HR1/9-52.1AR;9-52.1AR;K-26.1AR;526;526,06;41,4;300;300;;41,4;42,78
845;197;199;H-19AR;H_HR1/H-19.1AR;H-19.1AR;H-19AR;526,75;526,77;2,9;150;150;;2,9;3,72
856;368;364;N-22AR;H_HR3/N-23AR;N-23AR;N-22AR;526,53;526,72;6,7;150;150;;6,7;7,78
857;256;255;J-20.1AR;H_J-20.4AR;J-20.4AR;J-20.1AR;526,71;526,81;23,6;200;200;;23,6;24,49
858;271;331;M51_J4/41;H_J-9AR;J-9AR;M51_J4/41;526,64;526,76;28,8;500;500;;28,8;29,31
859;306;349;MU53_L1/63;H_KL-19.1AR;KL-19.1AR;MU53_L1/63;526,61;526,62;3,1;250;250;;3,1;3,55
860;307;306;KL-19.1AR;H_KL-19.2AR;KL-19.2AR;KL-19.1AR;526,66;526,95;1,7;200;200;;1,7;4,73
861;326;174;G-26AR;H_M1_G2/86;M1_G2/86;G-26AR;526,83;526,83;1,3;250;250;;1,3;1,27
862;327;416;H-24AR;H_M1_H1/84;M1_H1/84;H-24AR;526,59;526,67;27;300;300;;27;27,56
863;328;168;G-25.1AR;H_M2_G2/86;M2_G2/86;G-25.1AR;526,78;526,82;12,2;250;250;;12,2;12,8
864;329;207;H-24.4AR;H_M2_H1/84;M2_H1/84;H-24.4AR;526,68;526,68;1,6;300;300;;1,6;1,59
865;330;117;8-44.1AR;H_M51_G1/81;M51_G1/81;8-44.1AR;526,89;527,01;2,9;200;200;;2,9;3,84
866;331;88;4-54.1AR;H_M51_J4/41;M51_J4/41;4-54.1AR;526,63;526,64;1,1;500;500;;1,1;1,56
867;332;90;4-54AR;H_M52_J4/41;M52_J4/41;4-54AR;526,58;526,62;5,4;500;500;;5,4;5,98
868;336;261;J-24.1AR;H_MU50_J1/75;MU50_J1/75;J-24.1AR;526,34;526,4;17,9;200;200;;17,9;18,83
869;351;358;N-18.1AR;H_MU54_N1/74;MU54_N1/74;N-18.1AR;526,61;526,62;4,1;800;800;;4,1;4,53
870;212;133;AZ5_H1/96;H_HR/H-28.1AR_1;H-28.1AR;AZ5_H1/96;526,68;526,73;12,8;250;250;;12,8;12,63
